<?xml version="1.0" encoding="UTF-8" ?>
<!DOCTYPE mapper
        PUBLIC "-//mybatis.org//DTD Mapper 3.0//EN"
        "http://mybatis.org/dtd/mybatis-3-mapper.dtd">

<mapper namespace="com.powernode.mybatis.mapper.CarMapper">

    <!--
        useGeneratedKeys="true" 使用自动生成的主键值。
        keyProperty="id" 指定主键值赋值给对象的哪个属性。这个就表示将主键值赋值给Car对象的id属性。
    -->
    <insert id="insertCarUseGeneratedKeys" useGeneratedKeys="true" keyProperty="id">
        insert into t_car values(null,#{carNum},#{brand},#{guidePrice},#{produceTime},#{carType})
    </insert>

    <select id="selectByBrandLike" resultType="CAR">
        select
            id,
            car_num as carNum,
            brand,
            guide_price as guidePrice,
            produce_time as produceTime,
            car_type as carType
        from
            t_car
        where
            <!--brand like '%#{brand}%'-->
            <!--brand like '%${brand}%'-->
            <!--brand like concat('%',#{brand},'%')-->
            <!--brand like concat('%','${brand}','%')-->
            brand like "%"#{brand}"%"
    </select>

    <delete id="deleteBatch">
        <!--delete from t_car where id in(#{ids})-->
        delete from t_car where id in(${ids})
    </delete>

    <select id="selectAllByAscOrDesc" resultType="car">
        select
            id,
            car_num as carNum,
            brand,
            guide_price as guidePrice,
            produce_time as produceTime,
            car_type as carType
        from
            t_car
        order by
            produce_time ${ascOrDesc}
    </select>

    <select id="selectByCarType" resultType="cAr">
        select
            id,
            car_num as carNum,
            brand,
            guide_price as guidePrice,
            produce_time as produceTime,
            car_type as carType
        from
            t_car
        where
            <!--car_type = #{carType}-->
            car_type = '${carType}'
    </select>

</mapper>
