<?xml version="1.0" encoding="UTF-8" ?>
<!DOCTYPE configuration
        PUBLIC "-//mybatis.org//DTD Config 3.0//EN"
        "http://mybatis.org/dtd/mybatis-3-config.dtd">

<configuration>
    <properties resource="jdbc.properties"/>
    <settings>
        <!--延迟加载的全局开关。默认值false不开启。-->
        <!--什么意思：所有只要但凡带有分步的，都采用延迟加载。-->
        <setting name="lazyLoadingEnabled" value="true"/>
    </settings>
    <typeAliases>
        <package name="com.powernode.mybatis.pojo"/>
    </typeAliases>
    <environments default="dev">
        <environment id="dev">
            <transactionManager type="JDBC"/>
            <dataSource type="POOLED">
                <property name="driver" value="${jdbc.driver}"/>
                <property name="url" value="${jdbc.url}"/>
                <property name="username" value="${jdbc.username}"/>
                <property name="password" value="${jdbc.password}"/>
            </dataSource>
        </environment>
    </environments>
    <mappers>
        <package name="com.powernode.mybatis.mapper"/>
    </mappers>
</configuration>