<?xml version="1.0" encoding="UTF-8" ?>
<!DOCTYPE mapper
        PUBLIC "-//mybatis.org//DTD Mapper 3.0//EN"
        "http://mybatis.org/dtd/mybatis-3-mapper.dtd">

<mapper namespace="com.powernode.mybatis.mapper.CarMapper">

    <insert id="insert">
        insert into t_car values(null, #{carNum},#{brand},#{guidePrice},#{produceTime},#{carType})
    </insert>
    <delete id="deleteById">
        delete from t_car where id = #{id}
    </delete>
    <update id="update">
        update t_car set
        car_num=#{carNum},brand=#{brand},guide_price=#{guidePrice},produce_time=#{produceTime},car_type=#{carType}
        where id = #{id}
    </update>
    <select id="selectById" resultType="com.powernode.mybatis.pojo.Car">
        select
            id,
            car_num as carNum,
            brand,
            guide_price as guidePrice,
            produce_time as produceTime,
            car_type as carType
        from t_car where id = #{id}
    </select>
    <select id="selectAll" resultType="com.powernode.mybatis.pojo.Car">
        select
            id,
            car_num as carNum,
            brand,
            guide_price as guidePrice,
            produce_time as produceTime,
            car_type as carType
        from t_car
    </select>

</mapper>
